e1_pid;idade_calc;e1_q19;e1_q58_n_contato;e1_q20_idade_1;e1_q58_idade_p1;e1_q20_idade_2;e1_q58_idade_p2;e1_q20_idade_3;e1_q58_idade_p3;e1_q20_idade_4;e1_q58_idade_p4;e1_q20_idade_5;e1_q58_idade_p5;e1_q20_idade_6;e1_q58_idade_p6;e1_q20_idade_7;e1_q58_idade_p7;e1_q20_idade_8;e1_q58_idade_p8;e1_q20_idade_9;e1_q58_idade_p9;e1_q20_idade_10;e1_q58_idade_p10
1;12;6;13;74;6;22;5;55;1;20;3;2;16;68;14;74;13;57;20;78;16;88;18
2;75;4;24;65;19;58;15;6;7;66;5;52;17;36;13;55;11;24;8;90;4;30;3
3;35;2;25;17;11;36;16;6;3;18;20;53;5;34;1;89;16;66;17;34;9;41;7
4;25;2;9;50;10;32;6;36;17;68;6;79;6;78;16;47;9;53;1;40;14;84;15
5;64;3;24;4;4;13;18;67;19;78;15;77;2;50;8;22;9;69;8;87;8;22;6
6;22;6;7;33;17;66;20;35;17;1;6;0;15;39;7;0;3;1;2;43;2;11;7
7;58;3;17;38;9;43;15;37;17;27;2;14;5;20;19;19;17;81;19;57;19;90;14
8;9;4;14;48;11;23;20;0;2;30;17;72;5;14;2;63;12;12;14;56;6;89;4
9;76;3;15;54;20;35;3;13;18;17;10;75;2;14;4;77;18;84;8;58;12;87;14
10;75;2;21;2;4;51;7;89;11;45;15;63;13;90;11;12;12;75;14;62;6;86;11
11;3;1;4;69;9;75;4;44;4;75;10;50;20;80;2;75;11;19;7;74;18;33;1
12;26;3;11;67;13;80;20;69;18;82;10;74;16;46;1;11;11;21;17;62;18;83;12
13;86;1;23;10;12;0;14;46;19;20;6;36;19;63;4;78;5;57;9;45;6;56;15
14;22;3;18;14;8;0;16;23;15;28;15;51;11;62;9;8;19;33;18;54;2;90;18
15;58;2;9;69;2;23;17;16;16;19;18;63;10;70;11;51;8;0;18;20;11;88;19
16;10;2;0;1;13;86;4;1;14;3;9;82;4;14;9;76;20;11;18;52;3;8;16
17;30;2;16;23;6;9;9;68;11;66;19;45;17;13;5;23;20;61;10;43;6;28;1
18;13;4;11;44;7;9;5;11;15;70;3;11;15;7;9;61;18;69;9;73;2;14;2
19;36;1;9;37;13;28;2;25;3;44;17;52;7;20;7;3;2;48;4;86;10;49;13
20;31;7;15;38;5;2;8;26;13;86;9;46;6;20;8;83;13;55;4;84;14;25;4
21;62;6;8;26;20;70;12;56;8;74;18;63;14;30;13;1;16;41;10;39;7;88;3
22;28;3;9;43;2;23;6;18;14;90;4;42;8;23;20;75;19;48;2;64;3;72;10
23;32;4;16;79;14;25;8;16;4;8;12;69;1;18;20;6;1;2;12;45;6;4;18
24;88;3;4;70;16;14;19;52;17;62;3;74;17;80;5;40;16;44;1;71;6;76;7
25;87;2;8;24;18;32;15;49;10;48;12;63;1;37;2;29;20;81;1;56;3;6;12
26;66;3;1;1;9;13;3;90;14;1;6;68;1;48;3;69;10;66;18;14;1;22;11
27;45;2;23;68;7;90;18;31;11;9;1;29;19;82;14;78;6;56;10;5;7;86;17
28;43;4;5;17;20;74;8;56;1;18;4;78;12;22;9;5;9;21;20;36;19;58;7
29;49;10;3;78;14;50;5;20;18;11;20;24;13;52;17;41;5;42;17;54;16;29;14
30;58;4;10;19;3;68;15;25;10;7;14;42;11;47;2;20;12;14;9;24;16;68;18
31;60;4;17;45;9;68;2;77;6;24;1;29;13;22;6;90;17;86;3;53;6;16;14
32;15;2;20;64;11;12;13;22;7;15;11;82;17;58;3;16;5;32;18;34;9;54;4
33;66;5;1;56;20;25;11;15;7;41;10;69;7;85;7;57;9;16;15;60;6;30;1
34;68;2;7;44;14;59;7;74;5;52;5;47;7;73;14;73;13;7;6;24;19;31;13
35;51;3;17;61;18;56;17;18;11;68;8;29;19;88;7;35;7;40;12;24;19;83;2
36;57;1;4;20;4;50;15;59;4;87;14;32;18;61;6;25;13;24;20;15;4;18;13
37;15;2;9;64;12;13;2;79;3;53;13;82;17;63;11;40;6;23;18;22;14;70;16
38;48;4;2;55;18;58;15;43;5;83;4;42;5;30;20;83;10;25;4;58;20;36;14
39;66;2;7;81;20;7;20;42;10;66;13;46;19;50;17;26;2;75;10;86;13;49;4
40;14;3;3;0;1;82;14;71;4;11;4;5;3;15;3;67;3;33;9;13;14;88;15
41;49;2;4;11;11;71;16;50;5;85;4;24;2;63;19;7;5;6;1;3;9;59;18
42;56;2;19;56;9;46;18;84;11;19;7;19;14;5;13;0;13;45;2;13;12;86;20
43;48;8;4;38;3;1;5;1;14;75;16;32;13;31;16;84;16;73;9;89;10;31;9
44;45;1;25;54;4;81;4;16;12;55;6;49;20;79;12;67;14;35;12;30;6;63;14
45;67;1;8;43;2;82;5;20;4;43;9;51;10;7;9;62;6;80;18;8;1;49;3
46;23;3;24;42;9;47;10;78;18;31;15;86;10;88;5;71;15;78;3;81;9;75;8
47;19;2;13;6;1;53;19;51;10;47;5;76;3;70;10;32;14;84;9;23;9;19;4
48;89;2;18;7;8;5;14;84;16;8;6;85;18;86;9;26;3;40;5;8;10;25;4
49;76;7;12;57;2;81;1;43;1;75;6;82;8;75;13;37;16;38;10;43;5;10;3
50;10;3;7;52;3;49;4;52;12;16;4;29;9;45;7;84;4;85;3;31;4;57;5
51;50;3;1;45;16;39;16;64;5;0;20;71;16;43;11;67;2;90;5;71;1;88;11
52;40;3;24;17;10;57;17;85;19;9;2;49;5;72;10;10;6;76;2;81;19;38;9
53;26;3;16;66;19;73;20;45;19;48;8;29;11;15;19;11;15;53;20;51;6;51;8
54;15;9;10;60;12;89;6;62;11;54;2;40;16;20;18;21;16;33;6;38;9;12;4
55;85;4;15;60;14;64;11;32;10;69;8;33;15;29;6;35;19;74;18;51;16;82;6
56;47;2;5;36;6;58;7;61;4;54;20;81;15;34;15;15;8;73;1;68;13;28;3
57;81;2;15;4;17;30;3;27;13;78;12;51;9;35;1;49;5;25;2;68;3;1;2
58;16;5;23;1;18;42;11;69;14;12;20;57;5;82;19;56;20;77;4;23;14;45;18
59;80;1;8;9;2;76;8;29;2;51;14;54;9;11;15;26;17;72;4;53;7;75;13
60;24;2;3;46;4;77;4;21;7;68;3;65;16;18;8;74;5;81;20;24;6;13;17
61;37;3;25;81;19;52;5;39;11;21;18;1;3;21;13;43;7;42;6;40;19;16;11
62;55;3;10;83;2;78;7;84;18;15;4;4;1;40;11;13;10;55;4;35;20;19;1
63;47;6;12;41;13;86;14;26;2;42;6;64;15;29;10;25;12;37;17;25;8;38;17
64;3;2;8;59;1;23;12;81;11;58;11;72;13;64;3;55;1;13;3;70;2;33;9
65;23;2;8;68;8;17;10;28;10;12;12;3;8;32;7;1;2;41;11;53;12;39;7
66;4;3;9;51;17;38;16;67;5;0;16;30;14;23;16;63;5;49;20;72;3;37;6
67;28;3;10;31;12;0;7;12;3;30;13;18;6;83;12;13;10;13;6;8;6;18;15
68;68;4;7;4;18;12;4;89;20;1;7;28;5;19;18;53;6;52;20;43;19;41;13
69;79;4;24;41;8;39;5;89;11;47;17;62;9;85;9;14;17;54;7;10;10;53;18
70;40;2;8;69;20;55;12;56;19;1;5;31;12;36;13;74;20;11;3;52;3;43;14
71;53;3;9;33;17;14;14;2;1;61;7;16;8;27;1;70;16;67;9;66;3;42;17
72;23;4;17;2;11;63;15;70;20;55;15;46;11;2;13;38;12;14;19;87;4;51;11
73;86;2;0;12;7;49;7;53;8;42;17;65;10;49;8;82;7;1;11;21;20;39;11
74;14;2;6;45;13;63;18;85;11;65;5;88;20;71;17;11;1;41;7;19;19;18;10
75;51;3;4;2;16;33;9;59;13;58;17;59;20;7;8;50;11;20;7;2;3;4;3
76;11;4;0;66;7;27;12;76;3;29;8;62;2;14;8;40;12;1;1;49;6;51;7
77;84;7;9;76;14;43;5;26;16;85;11;7;3;62;12;22;12;34;20;78;20;64;11
78;2;3;0;89;2;0;10;1;3;80;9;12;10;42;12;87;11;21;18;85;10;73;16
79;43;6;16;52;20;33;8;19;3;60;19;3;18;2;5;33;14;5;18;54;1;38;13
80;7;3;7;84;7;13;10;68;14;43;3;71;2;85;20;21;4;22;6;2;15;14;5
81;7;2;8;84;9;65;14;36;8;12;5;56;15;61;13;4;16;62;11;56;13;72;2
82;22;3;5;55;19;89;11;43;4;54;13;59;11;18;1;47;20;14;13;27;15;23;9
83;7;3;1;22;1;55;3;23;15;53;7;47;3;25;4;87;2;53;20;23;8;18;20
84;1;6;17;7;12;3;17;72;19;65;14;51;15;27;15;62;3;71;9;55;18;50;18
85;25;1;6;81;18;70;6;19;20;27;17;90;16;68;18;1;18;45;15;19;19;52;12
86;12;5;12;45;3;42;10;32;20;41;19;68;17;79;16;86;10;87;20;13;9;51;11
87;15;2;3;3;17;8;12;74;5;24;14;21;10;35;10;35;10;10;9;66;20;36;7
88;48;3;0;79;14;35;7;2;6;56;11;7;12;12;3;75;8;16;19;79;17;61;4
89;46;4;2;18;5;62;14;73;5;75;14;49;17;40;13;57;11;37;6;44;7;9;10
90;67;5;12;8;9;85;9;15;15;22;3;70;3;89;13;14;2;13;6;54;18;39;12
91;13;1;17;3;3;69;6;82;6;84;17;42;19;8;6;67;14;1;12;55;8;19;11
92;58;4;9;74;16;90;19;10;6;41;16;58;2;25;13;57;3;15;13;81;9;14;10
93;11;2;1;59;8;68;11;13;11;3;10;46;12;82;3;37;19;89;19;1;19;56;9
94;83;3;25;52;10;78;17;27;6;53;16;11;3;41;20;6;12;51;7;24;11;48;17
95;95;2;21;15;19;78;16;36;10;5;10;52;12;22;5;15;14;17;12;81;3;41;19
96;22;3;15;6;15;22;10;58;14;58;10;84;4;63;6;19;20;60;5;58;16;45;20
97;40;3;18;6;15;17;5;81;11;62;11;69;17;69;3;81;10;26;13;30;9;38;13
98;38;2;19;0;7;59;19;75;17;29;14;27;17;0;12;76;15;82;5;18;19;5;9
99;30;3;9;14;9;47;11;75;20;73;17;11;12;6;6;29;10;20;11;47;14;56;17
100;70;3;4;41;14;84;13;65;12;9;13;84;11;60;11;36;3;75;16;54;10;60;6
101;51;2;24;53;8;5;2;68;13;22;10;15;15;31;1;4;10;84;4;27;17;76;9
102;36;3;6;45;17;61;13;28;14;3;11;48;3;20;14;12;5;2;2;66;18;39;18
103;83;4;12;54;17;29;11;55;5;72;20;51;17;1;8;17;12;41;9;61;6;7;7
104;77;4;16;52;2;40;8;5;1;55;18;10;8;23;5;65;15;43;19;42;19;36;13
105;7;6;16;89;14;33;8;27;5;80;2;75;11;76;2;49;18;9;20;37;9;84;14
106;40;5;17;14;8;81;2;7;13;13;13;19;2;8;13;51;9;38;6;12;4;39;20
107;86;3;25;86;4;25;18;63;1;64;16;21;11;62;18;7;13;29;15;5;17;44;10
108;51;2;10;10;14;10;16;18;7;26;15;78;8;33;17;31;3;1;13;49;20;84;2
109;35;5;12;63;11;28;12;4;2;72;6;18;13;85;10;26;2;18;4;74;4;41;6
110;73;6;22;79;19;25;16;61;2;89;12;71;17;41;6;53;14;57;11;14;1;56;9
111;83;2;1;23;2;50;4;69;12;86;8;24;5;12;5;29;4;12;20;72;9;50;11
112;35;2;1;53;20;79;20;7;15;30;14;86;17;4;18;18;7;37;18;38;1;52;19
113;31;3;10;52;11;46;4;19;14;16;16;17;4;70;12;9;15;78;14;0;14;87;2
114;18;3;21;76;10;60;6;73;9;25;4;43;13;52;11;90;7;48;15;69;13;4;19
115;84;2;7;34;14;75;13;15;13;5;7;14;5;82;3;16;10;58;8;38;8;0;17
116;41;2;20;24;1;60;3;49;18;68;12;69;12;19;16;31;6;68;12;30;13;68;20
117;56;2;17;24;12;26;16;42;11;58;5;26;14;87;8;80;5;32;1;16;2;15;11
118;89;2;0;38;5;76;19;19;12;43;2;8;17;27;12;46;3;16;3;63;14;2;16
119;50;6;10;36;7;74;18;4;1;33;3;48;10;5;1;42;2;2;20;14;9;31;18
120;55;1;19;8;15;37;20;12;3;23;6;7;4;81;4;21;14;78;19;1;18;19;1
121;22;3;12;34;6;33;5;6;11;2;11;67;14;22;2;9;14;33;15;68;20;48;2
122;19;3;24;55;11;33;10;74;1;83;12;28;8;75;4;66;17;17;19;85;7;10;18
123;77;5;23;65;11;27;2;37;18;2;14;19;12;82;2;77;15;15;18;88;14;5;18
124;20;3;20;15;16;25;5;16;16;79;16;83;18;45;13;6;7;80;10;51;18;4;15
125;81;4;19;12;19;89;18;46;19;78;6;33;18;34;11;45;5;9;8;31;7;89;16
126;9;2;20;58;11;73;5;64;7;21;2;27;3;49;6;68;2;79;13;86;5;20;4
127;14;5;12;8;18;30;19;59;16;24;8;54;11;3;15;61;1;24;7;6;10;4;12
128;17;3;16;11;2;68;1;60;2;72;6;22;7;34;7;57;1;21;5;61;17;64;6
129;0;3;8;51;3;75;11;54;11;39;8;70;3;38;20;60;10;24;13;53;17;18;8
130;29;3;14;29;3;51;20;43;9;41;6;40;11;81;17;37;18;46;8;10;19;80;15
131;51;1;13;64;10;36;8;10;6;32;9;11;5;25;18;77;4;47;18;37;13;82;16
132;27;4;8;19;17;26;17;36;12;67;4;88;20;35;6;89;10;11;14;30;13;27;12
133;48;2;1;2;8;55;6;29;3;5;9;64;2;63;6;63;1;37;12;18;3;74;11
134;45;3;23;56;15;57;8;51;12;54;8;45;1;12;20;46;17;66;6;80;16;72;12
135;5;3;12;7;4;27;9;18;17;30;5;57;16;65;14;71;14;40;13;64;11;80;5
136;89;3;6;18;20;59;6;64;13;75;1;61;3;82;5;20;17;45;14;11;4;7;8
137;74;3;18;78;5;6;12;22;15;19;8;0;12;22;15;90;19;41;17;72;4;69;15
138;62;3;9;48;17;76;1;0;19;24;20;56;1;78;17;81;7;71;9;23;16;18;17
139;51;3;8;34;19;20;4;89;6;72;20;86;9;20;15;90;5;67;6;88;18;90;18
140;24;2;10;64;10;41;18;28;8;56;7;75;17;82;10;69;15;66;17;43;15;50;18
141;80;3;21;52;15;82;4;20;6;29;12;60;3;82;1;66;17;28;16;62;20;48;19
142;5;2;25;56;1;48;15;57;2;16;15;21;1;33;17;87;18;23;9;49;15;14;1
143;55;3;0;78;16;31;16;54;9;86;19;70;4;64;18;85;10;47;15;24;16;80;6
144;57;4;15;57;13;68;19;43;18;24;13;88;13;35;1;59;15;32;11;1;14;37;8
145;38;3;1;89;4;38;18;64;15;63;6;74;10;1;15;88;5;34;16;63;13;45;18
146;29;6;16;9;10;7;19;90;12;18;16;16;12;27;4;25;18;26;13;30;10;30;2
147;44;4;25;33;6;8;19;36;9;12;18;83;19;29;9;9;20;25;10;89;17;31;14
148;25;1;9;64;12;7;17;15;7;14;11;5;13;0;18;18;20;36;7;26;1;78;20
149;74;2;4;51;4;42;12;60;12;49;14;13;13;78;7;44;11;0;7;15;12;60;20
150;44;3;18;76;12;68;19;61;20;85;10;7;19;67;17;76;7;53;3;13;2;16;5
151;67;3;5;28;8;82;18;35;7;53;4;66;4;36;14;74;12;53;16;23;11;10;16
152;44;4;18;59;1;24;2;45;11;63;14;58;11;80;18;70;2;45;17;33;4;6;9
153;53;2;1;1;2;40;15;84;2;30;8;44;17;32;3;60;13;52;7;19;11;40;2
154;75;5;17;79;1;79;3;39;18;38;3;5;17;19;9;3;1;88;13;47;12;32;7
155;27;3;5;22;4;35;20;63;3;62;16;58;13;2;17;73;17;17;2;38;20;60;20
156;30;2;13;78;1;63;18;1;10;67;4;12;9;48;3;60;18;9;12;6;7;41;6
157;52;6;6;20;19;42;19;16;16;24;7;14;11;74;19;41;14;3;8;44;1;14;19
158;49;4;7;21;4;83;13;55;6;5;20;12;4;17;10;82;18;62;17;5;16;13;12
159;3;1;1;32;20;1;18;41;11;62;18;41;20;53;6;72;16;81;14;87;1;63;7
160;62;3;7;63;6;11;6;25;16;5;16;1;9;56;9;30;9;13;9;43;19;67;5
161;53;4;25;18;7;46;4;49;3;41;14;55;15;36;7;60;11;24;18;57;19;59;6
162;4;3;25;31;8;35;12;21;6;19;10;59;15;66;8;18;2;85;4;63;6;75;15
163;58;3;2;20;12;6;14;6;1;71;20;53;17;49;7;88;17;87;16;50;10;7;5
164;59;2;17;46;15;23;18;12;5;10;3;35;16;84;18;81;11;20;19;40;1;14;5
165;12;5;0;67;6;79;9;73;7;74;20;85;15;50;8;70;17;7;12;88;14;62;18
166;27;2;0;65;20;75;10;55;18;41;1;72;11;3;4;36;11;34;11;56;16;37;20
167;40;3;23;27;10;76;10;20;11;12;13;48;14;16;7;66;11;59;18;47;20;27;16
168;2;3;0;25;13;6;5;24;14;49;1;15;15;34;6;34;16;50;6;37;18;48;4
169;34;2;5;3;10;6;20;87;18;13;13;63;4;7;14;21;4;16;11;47;8;85;14
170;55;9;13;20;10;39;10;26;14;35;6;77;3;45;10;11;5;66;17;71;3;48;4
171;71;5;9;12;16;32;10;14;3;57;19;85;18;60;11;45;18;70;9;43;17;59;16
172;75;2;25;12;15;38;6;31;20;54;17;57;4;87;11;81;18;30;10;1;19;40;3
173;11;4;21;22;6;3;4;47;17;14;12;29;7;81;13;33;5;5;12;48;6;61;12
174;23;4;25;38;3;18;3;56;12;24;8;3;1;61;19;73;8;11;12;4;5;77;20
175;23;5;15;87;4;40;10;47;9;51;17;54;2;58;9;23;7;25;14;4;14;47;15
176;63;4;24;83;12;11;19;36;2;34;16;71;18;7;15;8;12;42;12;38;19;77;16
177;59;4;1;7;18;33;1;58;1;0;13;78;8;43;9;58;14;58;20;81;4;16;11
178;74;1;20;55;6;89;5;3;1;73;11;45;8;31;8;73;13;8;20;70;14;87;8
179;42;3;25;87;13;46;16;9;5;42;1;90;1;78;19;71;11;81;10;78;6;62;1
180;41;2;16;85;18;46;12;13;7;19;8;5;6;13;18;58;1;8;3;61;16;16;2
181;29;3;22;68;14;34;19;71;10;70;10;88;11;6;13;70;11;42;8;38;20;46;12
182;80;3;8;60;19;7;19;29;19;81;2;49;4;8;16;57;1;72;16;48;20;85;9
183;72;3;0;47;20;47;4;1;15;84;3;89;11;7;18;47;4;76;11;38;13;55;20
184;7;4;2;83;20;57;20;20;5;87;17;38;11;7;10;60;1;49;3;59;20;48;14
185;31;3;21;16;8;80;13;43;12;41;4;48;18;84;8;80;6;90;7;20;6;83;20
186;89;4;13;6;7;12;9;60;15;86;17;24;14;20;11;72;3;46;20;90;18;73;20
187;3;4;21;74;3;55;2;16;15;4;1;15;10;6;8;10;10;49;20;29;11;80;20
188;94;4;25;61;14;40;14;42;20;13;16;76;18;37;11;57;5;13;8;80;1;19;14
189;21;3;5;66;1;32;7;41;20;76;15;74;1;25;8;64;20;43;14;51;5;83;15
190;43;2;0;58;7;75;2;30;5;90;15;43;13;24;19;23;19;67;13;10;9;77;9
191;91;2;13;68;19;52;4;74;3;86;1;5;10;65;17;59;20;23;17;39;8;12;20
192;1;2;5;75;17;10;4;3;13;33;1;77;5;4;13;70;20;69;11;31;3;18;1
193;30;5;21;0;10;87;9;53;15;9;16;64;9;23;6;42;17;44;6;37;8;76;20
194;77;4;21;22;12;90;19;0;12;89;9;49;7;89;19;30;6;85;1;27;19;77;16
195;46;1;5;40;14;61;20;33;1;82;11;28;9;25;19;40;4;78;9;14;1;47;16
196;83;4;1;79;16;85;10;65;16;67;10;14;1;37;8;18;13;86;12;68;15;28;12
197;39;3;17;22;7;15;18;2;2;17;12;5;10;68;19;49;7;36;3;15;6;31;1
198;23;2;22;34;15;12;8;50;3;7;5;24;4;17;1;17;3;68;15;68;20;66;13
199;2;2;9;86;16;35;12;55;14;2;16;87;20;27;17;9;8;65;18;37;20;17;2
200;58;5;20;12;17;16;14;88;9;52;15;22;15;14;18;90;9;61;2;27;12;4;4
201;89;1;13;60;20;36;9;28;12;85;14;71;7;76;4;67;9;56;20;72;2;27;3
202;55;3;22;51;1;89;12;90;7;57;1;66;13;56;8;32;11;19;15;28;17;72;11
203;15;2;14;63;12;72;3;45;12;3;20;50;2;1;2;3;6;4;8;24;14;6;1
204;38;2;1;65;2;57;6;0;18;27;18;3;17;30;1;15;17;29;11;13;3;10;15
205;18;2;9;87;12;34;5;17;11;3;12;64;8;24;7;26;16;75;13;67;19;31;11
206;95;5;2;81;18;8;3;60;13;40;5;76;19;84;4;42;5;21;5;59;2;6;6
207;38;5;21;53;11;24;14;36;3;0;13;35;12;82;1;15;8;28;12;74;2;19;3
208;39;2;3;85;18;21;10;69;16;74;9;54;4;3;17;3;1;62;2;69;19;81;11
209;37;3;16;24;11;30;15;11;4;67;13;55;11;7;9;68;9;85;15;44;2;67;8
210;66;2;10;27;10;45;10;30;11;89;8;12;2;51;17;70;2;22;6;14;15;5;16
211;93;4;12;57;3;49;9;15;11;66;18;47;1;55;10;64;4;62;6;56;18;47;2
212;80;2;5;62;12;29;6;0;15;26;5;58;4;76;9;88;7;63;10;0;10;55;13
213;16;3;0;56;17;0;9;6;6;82;12;4;4;88;16;39;7;80;13;89;13;12;20
214;57;2;4;46;8;81;8;84;2;74;17;55;5;18;4;19;20;77;4;85;5;36;3
215;59;7;19;0;9;47;16;38;9;63;15;33;15;41;2;28;17;47;5;38;17;41;18
216;8;5;10;66;11;83;16;70;4;43;14;26;14;27;19;30;4;11;19;36;15;54;17
217;28;3;2;37;9;53;2;54;8;40;8;28;2;19;11;22;4;85;20;88;16;85;4
218;50;4;23;12;11;49;11;68;20;22;19;57;1;3;16;2;2;55;20;34;18;80;4
219;22;2;14;19;17;1;18;75;13;0;18;37;10;35;10;57;1;2;4;75;8;78;1
220;31;4;7;27;18;75;2;67;20;90;3;1;13;30;18;64;16;90;11;75;12;51;12
221;62;2;23;39;12;15;10;79;7;2;7;65;1;67;5;60;15;56;19;66;20;38;18
222;57;3;4;31;18;23;13;2;7;72;4;27;10;42;19;27;17;70;1;2;17;8;13
223;20;3;21;70;11;22;20;39;12;85;14;20;4;22;8;55;18;76;18;53;20;51;17
224;85;5;25;32;9;75;18;71;13;16;14;2;12;41;7;38;13;55;20;80;1;88;16
225;11;3;19;69;14;67;12;3;16;55;18;55;3;14;16;26;15;42;20;52;5;88;13
226;59;2;15;85;16;19;3;31;9;5;1;51;5;53;17;40;7;50;18;37;1;85;4
227;22;3;6;25;13;37;10;1;6;25;16;14;14;65;19;36;5;45;15;51;13;3;16
228;40;3;22;69;15;22;14;48;10;24;11;69;9;46;17;64;9;34;6;1;19;48;8
229;63;3;12;1;8;74;7;55;7;6;15;22;1;23;10;41;7;64;2;9;9;68;8
230;39;3;14;80;19;70;16;22;2;58;17;27;20;16;10;57;20;57;3;43;11;78;1
231;70;5;22;17;1;69;20;69;5;55;3;84;18;56;19;34;18;65;11;74;19;39;16
232;67;4;15;41;2;86;8;88;9;72;6;74;5;28;5;51;11;88;15;29;9;51;11
233;70;8;7;83;20;70;9;8;15;50;20;40;19;68;10;4;18;1;7;72;1;38;8
234;66;1;3;72;15;39;2;75;3;90;18;10;4;45;12;67;11;39;1;16;3;56;10
235;15;8;20;58;16;31;3;51;15;30;2;5;11;32;10;68;19;54;10;73;12;67;8
236;59;8;13;11;5;35;12;37;11;59;16;88;12;38;12;83;3;75;15;47;1;21;1
237;12;3;21;54;2;46;2;26;15;89;3;59;7;12;10;14;20;55;17;10;19;29;4
238;76;2;13;77;5;86;9;53;5;26;14;35;12;11;17;37;8;35;2;8;19;38;1
239;67;2;14;75;2;85;4;51;18;89;11;28;2;4;10;4;20;19;5;40;20;11;15
240;30;4;19;78;7;37;4;42;17;29;13;69;1;76;1;37;17;90;7;15;14;50;16
241;64;5;2;78;17;23;15;13;4;67;12;27;10;76;17;26;5;63;17;4;10;78;5
242;42;2;22;30;18;26;7;73;1;57;19;1;18;36;19;19;8;83;10;23;15;56;4
243;80;3;21;7;16;64;20;82;15;65;6;69;16;11;6;60;19;49;5;81;9;37;2
244;15;1;1;74;2;78;15;16;18;20;13;6;19;32;17;59;11;88;8;87;8;41;3
245;89;3;3;24;7;63;2;86;3;14;16;74;17;14;20;13;14;85;4;60;6;86;13
246;26;4;22;68;2;44;12;76;3;3;19;0;8;52;11;13;13;10;15;44;10;64;18
247;52;3;6;22;11;65;7;19;17;56;9;63;15;63;14;77;16;41;12;25;8;7;9
248;69;3;25;46;4;80;16;9;4;31;1;3;4;51;5;31;17;30;14;80;19;42;12
249;3;3;0;15;12;77;16;4;13;56;12;23;4;42;8;50;9;47;10;64;13;38;11
250;88;2;19;31;14;13;14;58;14;65;20;81;9;45;12;29;12;68;4;80;13;79;9
251;51;3;9;83;5;23;17;12;15;1;5;22;7;43;4;4;17;15;3;29;4;73;15
252;12;3;22;81;14;54;2;31;4;16;17;15;3;46;2;18;16;13;3;21;3;55;20
253;70;2;20;87;3;77;4;88;19;53;5;42;1;1;12;55;7;85;10;9;14;59;11
254;59;3;5;73;18;83;5;16;18;31;2;62;7;76;17;35;11;27;18;3;18;0;1
255;74;2;22;60;5;6;16;8;13;35;20;55;6;58;2;45;20;77;15;48;15;22;6
256;1;1;23;16;12;53;12;2;5;7;20;72;12;17;10;78;10;87;2;69;5;46;19
257;72;3;10;64;8;86;6;45;2;39;10;37;2;37;8;87;12;63;1;51;12;80;5
258;41;3;20;49;8;78;3;33;9;14;9;75;4;47;15;13;6;74;19;31;10;20;17
259;76;3;15;18;7;37;19;49;18;69;10;82;16;61;16;54;5;74;8;53;10;69;17
260;85;3;7;19;1;5;11;72;6;60;13;22;2;56;10;62;9;22;18;17;18;69;10
261;65;2;0;80;16;64;2;76;19;85;8;90;11;23;15;27;8;26;2;72;1;59;7
262;78;2;4;72;7;67;1;82;16;34;6;10;17;69;2;45;8;86;19;7;12;49;20
263;82;4;2;24;6;71;10;90;17;2;6;18;18;50;20;25;11;60;14;35;3;47;13
264;71;2;16;40;7;33;12;3;9;38;19;80;2;26;13;55;3;65;15;87;1;22;15
265;69;3;14;70;19;55;18;34;2;87;10;82;8;16;4;43;16;48;1;5;17;23;18
266;35;1;3;52;10;57;4;66;20;1;9;86;6;79;17;10;7;62;16;82;19;62;5
267;14;5;5;73;15;39;8;87;16;26;6;48;14;51;8;78;13;33;7;49;13;79;2
268;26;10;10;85;3;6;10;44;17;47;7;75;4;87;9;81;18;63;3;9;5;5;9
269;94;2;4;39;18;46;19;62;18;64;2;14;6;35;6;79;13;76;3;14;19;4;5
270;65;3;22;13;1;75;14;12;4;75;7;71;20;13;20;16;8;1;17;63;2;42;14
271;60;2;8;8;7;39;19;4;19;2;20;59;17;75;10;9;11;68;7;49;5;54;15
272;4;5;1;38;5;25;19;54;18;37;14;1;13;75;4;46;8;53;5;40;7;61;18
273;41;2;22;74;11;12;3;36;11;5;6;14;9;26;9;40;17;57;8;66;16;40;15
274;19;4;18;0;9;24;4;6;18;56;10;19;19;88;6;35;6;88;3;41;7;0;11
275;17;3;24;74;16;48;7;4;8;35;18;81;17;40;10;65;7;29;15;36;1;89;11
276;13;4;25;13;16;47;14;31;3;44;20;62;8;5;11;17;16;29;10;2;18;30;3
277;89;4;7;27;18;12;12;68;8;84;19;36;10;27;15;24;19;51;5;1;9;54;14
278;77;5;15;16;5;53;17;62;18;85;7;16;4;29;14;71;16;8;20;53;10;22;17
279;27;1;15;5;4;74;14;18;8;55;1;84;9;14;17;5;6;73;4;23;19;62;1
280;49;2;1;6;13;25;16;64;6;32;4;51;13;24;16;59;9;62;7;88;17;77;12
281;82;3;14;47;5;63;8;19;7;64;3;31;4;6;20;68;20;69;10;27;16;67;10
282;90;2;9;59;15;86;17;15;9;51;4;79;8;24;7;3;2;14;1;75;2;45;1
283;24;3;14;31;15;87;1;10;6;76;1;47;15;68;17;7;7;4;16;34;16;38;10
284;6;6;16;44;15;74;5;38;20;90;10;71;7;36;16;45;12;58;12;7;2;49;8
285;58;2;12;75;3;1;3;18;12;87;16;69;13;79;6;90;15;51;5;0;16;35;1
286;70;2;20;86;17;32;4;2;16;2;2;0;6;60;8;38;18;14;4;50;15;80;10
287;74;1;21;48;2;19;8;9;14;37;11;31;17;84;3;66;9;84;11;83;6;33;4
288;5;10;13;7;3;64;11;45;16;65;8;18;7;22;6;75;9;8;17;6;19;67;6
289;11;3;21;28;17;20;2;71;10;73;4;41;6;9;20;10;13;18;4;42;3;6;10
290;55;3;25;88;6;52;2;24;8;77;7;31;20;11;4;65;11;90;9;23;20;67;12
291;29;5;16;25;19;30;2;34;11;5;20;55;5;25;9;1;4;59;10;46;9;76;12
292;9;5;21;43;14;51;14;81;1;58;11;44;2;32;10;68;19;67;12;60;9;8;10
293;48;5;12;32;20;82;1;65;10;40;7;32;10;62;15;21;14;84;18;36;18;54;20
294;58;2;10;30;17;76;17;61;6;6;13;68;18;1;14;38;7;63;18;66;2;11;5
295;58;2;25;11;15;38;3;14;18;8;9;80;17;34;3;85;13;89;16;87;20;19;6
296;43;3;3;17;16;75;14;15;5;25;17;64;7;35;7;47;4;33;14;65;15;50;6
297;40;3;8;36;5;42;13;40;15;42;17;35;15;41;4;61;3;76;8;4;16;90;9
298;66;2;11;42;17;61;9;69;10;27;18;4;8;26;14;37;12;33;10;55;9;75;2
299;50;3;24;44;20;48;9;8;13;77;3;1;17;84;16;66;16;89;12;24;20;18;5
300;93;4;18;0;7;31;7;83;8;15;12;80;10;89;7;75;16;84;12;78;3;10;18
301;16;3;24;68;7;12;1;51;14;78;13;31;3;37;7;90;8;33;14;3;1;60;6
302;72;3;10;16;13;48;8;51;18;60;13;14;17;90;6;58;14;39;2;3;11;21;16
303;73;2;19;13;7;84;19;75;3;21;6;28;12;32;20;30;18;55;11;45;3;57;16
304;55;1;9;29;11;33;10;72;7;55;7;54;1;22;3;6;12;52;20;71;14;3;5
305;56;3;14;86;4;30;8;47;15;11;13;37;11;71;4;4;6;0;7;30;19;3;18
306;48;4;14;30;12;17;6;63;3;61;12;7;18;4;9;1;7;4;2;28;19;30;17
307;25;1;1;2;13;49;8;2;7;32;3;72;13;23;3;42;20;48;7;90;20;89;9
308;32;4;16;48;12;67;10;30;13;11;8;76;14;70;15;38;9;21;6;64;7;57;1
309;15;3;7;12;11;23;17;13;15;44;4;68;1;17;17;17;13;9;1;51;3;57;19
310;69;2;6;1;12;69;11;28;4;62;10;85;2;43;15;83;14;86;17;7;5;50;12
311;11;6;11;35;12;36;12;73;18;83;18;68;19;85;3;28;3;13;16;89;10;29;13
312;31;3;11;42;20;36;11;11;17;27;6;9;18;25;12;14;12;27;4;16;13;47;20
313;85;3;21;26;17;28;8;8;5;74;14;23;15;29;14;22;10;15;7;33;7;80;14
314;81;2;14;66;9;83;6;67;9;73;7;60;16;53;14;49;13;36;5;43;18;28;10
315;27;3;13;79;20;49;20;39;4;25;6;61;12;41;7;41;14;71;4;83;3;26;8
316;43;3;9;64;6;44;1;59;13;38;4;17;16;81;18;61;4;49;14;68;10;34;11
317;34;2;9;83;17;10;18;21;2;74;15;12;7;57;15;47;8;56;15;55;18;31;18
318;72;4;6;35;10;56;14;37;20;86;10;66;1;77;5;66;8;55;4;35;8;9;19
319;60;4;3;78;6;8;3;51;2;53;10;31;12;38;12;83;18;21;5;57;3;59;15
320;88;3;8;51;12;68;9;81;20;35;12;77;7;58;15;14;8;78;3;68;11;17;10
321;68;2;17;85;11;51;7;63;15;87;3;34;3;40;5;60;14;6;9;39;20;28;11
322;65;4;2;10;11;47;1;31;1;18;2;18;19;36;2;31;17;28;16;43;2;78;4
323;94;5;16;51;7;34;8;82;15;47;1;26;13;48;20;28;19;4;19;3;10;76;7
324;42;3;23;35;17;21;8;14;1;14;20;9;2;32;9;7;4;29;6;9;4;52;16
325;13;3;16;34;8;67;15;79;6;26;14;60;14;3;4;49;8;88;19;84;15;8;20
326;78;1;24;25;4;86;14;20;2;70;5;52;8;17;18;62;16;31;3;49;8;24;3
327;20;3;1;14;17;2;13;41;19;37;15;28;14;78;14;47;17;84;19;77;2;73;9
328;30;2;14;77;18;28;2;83;10;12;16;18;16;45;2;89;13;19;10;22;18;44;6
329;20;2;9;20;20;65;12;28;9;63;13;46;8;11;5;65;17;30;2;1;9;36;14
330;44;7;13;50;4;59;10;90;8;18;6;49;13;47;17;21;2;34;3;65;14;83;11
331;21;3;3;6;7;11;12;28;9;82;6;87;13;13;5;32;1;42;18;87;11;48;1
332;66;3;23;73;18;10;15;64;9;80;2;58;12;74;9;79;10;76;15;17;9;86;11
333;72;4;23;81;12;63;3;67;6;27;9;17;17;85;11;13;17;18;15;70;20;49;11
334;66;2;24;85;12;0;1;69;20;85;20;37;15;58;5;81;15;38;18;3;3;33;11
335;38;2;15;75;6;58;20;89;15;23;15;60;19;28;4;48;15;53;9;68;8;31;13
336;48;3;13;68;20;66;8;56;12;25;19;41;17;52;3;70;16;43;11;35;17;86;14
337;15;5;23;35;14;33;18;7;4;42;1;30;1;43;1;90;7;5;13;65;2;70;12
338;95;2;3;59;5;36;15;77;11;62;20;77;4;37;17;1;13;33;11;2;2;88;7
339;42;4;2;68;5;41;14;84;20;12;16;17;7;73;19;51;17;74;12;49;18;17;20
340;79;7;14;74;5;9;16;12;12;34;17;30;15;49;14;80;17;69;8;29;7;47;6
341;64;5;3;9;1;49;17;59;18;25;16;32;7;82;14;62;20;61;15;57;12;23;19
342;60;4;16;84;6;36;4;63;19;89;16;11;5;51;6;71;5;32;15;17;2;78;6
343;47;3;1;85;12;14;5;41;4;40;19;7;5;51;8;21;10;50;16;50;13;45;7
344;46;1;22;29;16;78;10;0;3;4;18;5;15;22;19;14;4;15;6;78;3;12;8
345;4;3;4;29;20;41;15;12;6;6;19;69;17;41;7;25;4;84;9;58;6;52;6
346;49;5;9;61;8;86;9;11;8;44;5;88;13;80;1;6;8;67;9;32;13;63;15
347;80;3;22;12;3;8;17;53;19;10;5;67;18;87;3;5;1;15;20;84;15;42;13
348;62;2;17;48;9;85;11;56;6;83;16;72;9;87;15;37;11;83;16;32;19;64;15
349;10;3;24;48;14;59;1;37;2;54;2;34;11;54;2;14;5;85;12;20;13;73;16
350;24;2;18;87;2;11;3;90;15;59;14;35;13;88;18;60;18;27;1;29;11;4;6
351;13;4;8;61;5;71;18;73;20;56;2;33;20;30;17;81;1;74;7;62;16;59;8
352;7;2;23;9;11;16;2;28;9;55;8;0;8;4;9;24;4;1;17;43;6;22;4
353;18;4;4;34;18;80;8;63;13;46;11;69;9;17;5;37;15;40;16;43;9;63;1
354;42;2;2;7;7;86;8;2;12;70;10;35;10;5;15;53;10;38;20;26;18;46;8
355;61;2;11;23;13;33;2;49;3;68;20;47;18;49;17;67;12;51;19;1;12;34;18
356;65;3;9;72;20;74;17;64;7;79;16;48;16;77;19;21;12;23;3;16;19;53;5
357;6;3;7;51;6;34;19;77;15;59;4;80;7;55;13;77;17;4;5;47;16;8;16
358;31;3;6;28;17;45;17;1;4;68;17;24;17;28;1;54;1;57;14;36;19;32;2
359;35;2;10;36;2;25;3;57;4;53;20;25;7;51;19;10;6;76;14;2;15;60;11
360;20;2;21;81;17;37;2;83;16;61;17;10;19;2;15;38;5;53;19;74;2;3;9
361;12;3;7;25;11;62;10;46;8;50;5;76;9;2;8;63;18;57;16;56;17;23;17
362;42;4;16;78;6;63;16;58;18;71;3;22;7;58;1;88;4;57;20;33;9;72;12
363;19;3;4;42;19;31;4;37;11;34;9;7;4;80;20;76;1;59;3;63;20;44;16
364;88;5;9;23;9;39;20;69;7;1;17;66;16;57;13;81;15;55;20;3;15;36;19
365;18;4;11;83;6;87;19;76;11;32;18;90;12;88;19;82;7;84;3;67;20;41;11
366;77;2;12;12;6;25;3;88;2;5;13;81;20;2;18;89;13;3;13;6;7;37;6
367;40;2;4;83;9;77;11;76;9;33;19;65;2;56;3;44;8;71;9;51;18;90;9
368;78;2;22;62;6;45;13;43;20;72;16;37;8;90;3;37;8;35;1;33;3;56;19
369;24;8;9;58;7;64;6;33;17;23;18;29;18;60;6;3;16;21;10;74;11;84;17
370;47;3;7;32;13;20;17;38;15;6;7;75;12;52;18;30;11;42;15;17;5;2;4
371;88;6;11;11;5;28;7;88;1;65;14;50;1;14;19;68;19;6;14;15;1;9;2
372;3;4;12;83;10;53;20;47;12;78;20;38;18;14;17;87;20;86;6;14;13;9;14
373;36;6;6;3;4;90;3;86;13;77;9;74;13;62;9;86;13;9;2;43;11;64;16
374;32;2;25;48;9;66;13;3;9;37;2;73;20;45;20;62;12;75;13;75;20;74;19
375;33;2;11;60;17;79;18;34;6;61;3;40;18;37;13;44;3;68;20;6;14;27;20
376;7;4;20;27;15;73;9;46;1;28;3;64;2;0;15;75;8;68;14;49;1;37;1
377;83;2;9;0;10;55;12;37;19;14;18;59;14;53;6;35;8;76;10;62;16;45;4
378;85;2;24;43;12;89;7;41;2;88;4;71;3;55;19;58;18;41;15;62;4;62;7
379;86;4;14;34;8;24;3;29;4;40;6;41;5;84;16;3;3;0;10;50;15;83;3
380;10;3;7;40;6;40;7;51;19;16;12;13;2;12;14;6;13;68;16;55;14;13;11
381;19;2;5;54;13;77;18;39;18;2;20;76;9;27;13;13;14;25;14;67;10;52;6
382;78;4;24;17;7;83;11;7;19;23;19;47;11;46;18;87;10;24;9;63;8;56;16
383;67;3;10;47;7;79;16;58;6;75;2;40;8;34;3;14;13;71;8;78;9;29;5
384;75;2;20;12;4;12;11;89;7;71;14;7;3;58;15;50;16;37;8;22;11;13;18
385;71;3;7;56;14;15;12;80;1;50;15;45;13;85;17;48;17;34;15;0;14;59;1
386;91;3;21;67;4;67;3;58;11;78;4;87;9;53;13;9;2;41;14;1;9;81;11
387;61;3;23;38;15;18;5;75;8;64;1;32;13;89;20;52;8;52;1;64;3;81;5
388;2;2;18;0;14;60;10;34;10;80;19;16;5;53;4;6;7;59;11;2;5;50;2
389;67;3;20;81;18;31;6;52;2;21;19;51;16;76;3;10;8;4;11;90;11;77;9
390;30;1;2;31;5;19;6;33;14;87;13;27;13;51;5;69;5;37;9;42;8;11;2
391;37;3;17;38;7;72;11;76;20;38;1;39;19;78;20;43;9;54;19;35;6;19;18
392;52;3;20;44;8;89;10;1;6;49;19;56;3;53;4;10;4;39;4;75;11;36;4
393;27;6;3;10;10;48;11;74;9;75;9;22;2;22;12;64;2;33;3;70;13;2;15
394;2;4;15;71;4;15;14;3;17;58;10;68;3;27;19;54;17;6;11;40;5;24;20
395;28;3;0;12;10;49;5;60;8;65;20;33;12;10;13;42;12;63;16;60;4;11;7
396;18;2;9;52;9;2;12;5;12;72;8;14;1;50;11;66;14;52;1;86;11;48;9
397;31;2;22;61;11;64;20;51;10;5;12;3;19;26;14;19;1;31;14;26;2;16;17
398;80;4;15;37;6;87;5;2;2;5;19;4;19;63;5;56;6;15;2;80;6;20;8
399;61;7;13;63;14;85;10;74;12;38;14;73;11;45;3;78;11;69;13;1;13;31;10
400;86;1;21;24;17;30;20;36;11;81;12;70;10;27;19;17;12;47;5;83;3;12;14
401;61;1;13;26;20;17;8;11;10;69;20;23;10;11;9;24;20;79;11;40;20;46;8
402;28;3;16;72;19;23;1;13;13;85;9;82;17;7;18;59;14;80;18;34;15;21;3
403;50;3;25;12;3;48;1;2;15;0;8;80;16;10;15;36;3;76;10;90;4;74;1
404;8;6;20;27;11;78;6;54;20;58;20;3;13;59;15;41;6;33;20;21;10;1;6
405;92;2;3;36;16;58;11;4;18;83;6;35;15;60;13;78;9;72;18;72;15;53;4
406;34;1;15;10;1;57;15;37;6;29;20;48;11;12;20;2;17;72;15;71;19;1;13
407;88;2;16;48;1;60;15;35;4;62;10;81;10;87;3;62;6;28;12;66;1;75;1
408;54;7;0;26;1;34;13;11;17;90;4;46;5;1;16;20;1;69;7;30;14;44;15
409;33;4;18;42;13;12;3;43;11;79;1;13;15;76;13;72;10;30;2;33;20;47;8
410;85;1;12;40;6;83;13;85;9;26;9;63;18;84;2;27;4;75;3;38;11;89;20
411;0;3;21;58;15;47;5;20;17;30;3;75;4;42;18;80;9;44;20;87;12;29;11
412;2;3;7;79;3;67;13;19;17;56;10;88;9;63;8;16;11;10;11;83;5;83;18
413;68;3;22;45;8;10;2;6;16;84;8;17;1;2;7;11;14;22;20;33;1;80;17
414;50;3;9;84;4;7;20;32;3;68;10;89;12;84;10;39;5;79;1;35;19;36;15
415;6;2;21;1;4;16;2;35;2;4;13;60;8;89;12;90;6;76;2;12;4;39;9
416;37;4;13;46;4;72;3;55;1;67;7;77;12;65;19;59;7;16;3;41;1;40;19
417;80;5;16;5;16;2;15;47;13;67;19;49;1;26;16;10;2;39;7;0;13;37;5
418;84;4;10;23;11;6;13;3;11;19;19;79;16;71;11;63;17;87;8;85;8;27;3
419;51;2;7;35;7;37;7;80;16;26;5;22;19;67;8;37;1;82;19;40;17;59;16
420;84;3;10;55;15;88;8;4;20;18;2;28;15;31;20;7;4;65;6;21;9;41;19
421;22;1;18;34;2;70;9;44;2;5;20;35;17;20;5;84;8;59;2;19;9;86;5
422;83;2;4;33;5;68;12;84;1;90;6;57;17;23;4;29;19;23;4;54;16;48;15
423;23;3;13;15;10;73;19;88;17;6;7;48;5;49;9;29;14;73;13;65;10;11;20
424;37;4;19;49;7;23;17;69;16;75;12;14;11;20;17;14;11;21;6;27;14;89;16
425;19;3;25;75;13;68;11;84;19;33;16;3;3;16;11;60;2;67;17;80;3;51;1
426;71;3;0;38;19;31;14;33;6;23;12;47;19;75;4;20;4;63;19;30;19;43;7
427;64;2;16;8;6;60;16;62;13;37;12;78;10;88;5;29;2;21;12;55;1;89;16
428;14;3;25;40;6;0;19;64;16;6;3;25;18;56;8;7;18;30;5;5;19;82;18
429;10;3;21;14;18;51;12;16;10;51;7;78;9;22;20;30;7;73;3;1;11;86;15
430;31;3;0;30;16;73;9;21;6;52;3;64;12;59;13;87;19;83;5;68;5;66;7
431;24;1;11;0;18;35;8;2;4;66;18;39;20;41;13;10;18;85;6;24;2;19;14
432;53;2;8;59;20;49;18;21;9;14;4;67;14;8;17;18;5;25;8;27;2;60;5
433;65;2;7;11;6;26;19;15;20;51;14;7;9;81;2;84;1;81;8;54;18;6;19
434;50;3;9;80;11;17;6;15;1;60;19;50;2;27;20;82;6;55;6;30;4;83;20
435;47;5;5;23;5;1;13;20;17;84;2;52;14;74;9;82;1;88;5;83;14;52;6
436;48;1;2;54;10;45;18;52;20;69;3;44;11;57;15;35;20;22;9;11;14;89;14
437;47;2;22;47;6;42;7;18;4;75;12;69;15;33;12;45;8;90;3;29;7;70;9
438;75;7;21;78;19;52;9;58;17;75;17;8;10;61;9;62;15;10;16;48;6;84;8
439;68;6;14;70;10;40;2;21;7;87;4;80;3;75;14;12;19;9;16;66;2;57;6
440;77;4;21;77;16;46;8;38;15;6;18;65;5;69;4;58;20;87;17;80;4;52;2
441;8;2;7;86;9;56;5;73;17;49;4;33;11;19;20;19;7;70;6;16;1;18;8
442;33;4;13;80;15;30;8;19;5;50;4;6;20;8;5;21;6;59;1;27;19;75;18
443;40;1;21;0;15;2;13;48;5;47;7;40;2;52;11;69;7;35;15;72;1;49;14
444;0;8;12;56;19;70;12;51;10;44;13;22;5;34;18;38;15;64;8;41;4;40;17
445;3;4;25;42;15;73;8;90;2;60;8;28;8;16;15;37;7;83;11;3;18;9;10
446;82;3;1;74;11;8;10;70;3;48;9;29;16;57;1;7;17;39;19;30;6;24;1
447;64;3;19;80;11;65;20;42;7;85;7;52;16;45;3;31;6;13;8;46;4;88;12
448;64;4;9;79;4;84;2;29;20;6;20;41;6;41;7;18;12;84;5;0;12;52;4
449;79;2;3;81;13;69;2;22;5;90;3;50;12;85;10;59;13;23;6;10;8;3;13
450;11;4;19;41;6;17;3;5;2;25;20;72;16;54;6;77;19;77;6;59;1;66;10
451;77;3;22;60;5;1;3;11;6;4;4;11;2;42;7;22;8;54;4;23;6;81;8
452;51;2;23;8;9;41;10;29;17;59;7;67;6;52;20;46;3;67;4;44;3;51;2
453;38;2;3;0;10;58;16;45;10;75;8;65;2;16;13;51;1;84;14;39;9;3;15
454;3;5;6;55;16;16;12;71;20;80;19;13;6;83;12;33;19;59;9;84;19;28;10
455;86;2;7;82;9;89;18;34;17;70;7;45;15;15;4;54;5;82;14;4;11;40;10
456;30;5;17;6;20;21;1;38;3;5;12;16;8;53;14;50;13;8;16;72;16;13;16
457;38;2;1;81;10;47;6;23;20;76;10;87;3;80;20;44;1;30;12;60;17;68;16
458;36;3;20;86;7;68;15;55;17;64;16;18;7;90;6;41;10;23;1;64;2;57;12
459;52;2;21;16;9;56;7;45;3;16;4;1;11;35;6;10;10;86;3;19;3;49;3
460;26;2;15;55;13;60;16;59;20;12;8;55;1;66;11;9;10;34;15;7;18;71;19
461;69;3;23;28;17;71;15;80;15;62;6;39;7;3;5;39;16;44;5;16;16;1;19
462;82;3;5;76;6;26;2;86;9;61;10;10;2;15;20;1;8;28;1;43;8;0;18
463;61;4;17;16;8;83;10;14;11;56;5;59;13;78;18;24;12;76;16;41;19;65;8
464;58;3;5;38;14;28;1;56;5;12;1;77;15;13;13;80;1;44;15;67;3;25;4
465;69;4;1;10;5;48;2;70;17;59;17;63;18;7;11;83;1;58;18;27;5;5;2
466;24;7;8;88;9;4;11;51;20;53;2;85;10;36;17;2;5;10;16;3;2;35;19
467;67;2;6;31;7;83;11;46;15;62;12;43;6;4;8;17;2;18;19;23;13;29;16
468;24;3;18;88;20;73;7;17;16;12;19;51;8;58;15;88;6;49;20;20;14;79;5
469;58;2;13;74;19;35;18;29;14;84;5;14;15;48;5;25;20;85;12;31;20;59;1
470;7;2;11;56;10;84;18;89;19;86;9;0;20;38;17;85;13;19;19;83;19;84;16
471;61;2;9;18;1;51;5;73;8;28;5;11;11;85;1;50;14;21;2;73;4;70;7
472;63;7;10;25;18;62;7;14;7;21;18;89;19;52;11;4;1;20;3;29;18;78;8
473;44;3;9;47;18;64;3;18;2;72;20;28;11;87;12;43;3;89;19;37;9;40;12
474;63;3;19;56;16;46;12;21;5;13;16;47;13;1;8;22;19;16;4;2;14;18;8
475;21;2;22;3;19;45;19;87;7;74;14;6;17;61;20;82;10;46;9;20;10;67;3
476;95;2;3;80;1;30;3;25;6;34;15;34;15;50;2;7;20;85;7;6;1;48;9
477;44;2;7;20;7;25;3;7;12;0;13;7;9;90;12;5;19;90;13;52;10;79;11
478;33;4;23;78;14;90;10;8;4;32;19;57;15;73;10;86;10;89;8;3;3;29;10
479;90;5;7;48;15;6;19;17;4;5;3;87;14;54;11;38;3;89;20;42;14;62;1
480;71;3;11;81;12;56;16;29;17;0;6;19;10;24;1;88;6;82;6;61;15;41;8
481;81;5;9;48;2;80;14;58;6;83;4;56;19;40;1;2;5;77;4;24;9;25;19
482;50;2;0;57;5;13;10;2;16;65;12;64;10;84;14;71;18;27;18;22;15;64;15
483;94;2;19;15;18;71;7;23;9;64;10;46;18;64;15;52;20;50;12;75;7;13;12
484;13;2;8;85;14;4;4;4;20;30;15;51;20;50;5;38;14;61;16;85;3;27;11
485;84;4;5;5;1;37;13;45;2;4;1;29;2;77;18;17;19;89;18;39;20;25;5
486;88;2;22;49;14;23;4;12;17;38;8;50;10;17;17;66;20;17;1;77;1;88;8
487;65;3;2;21;7;60;12;64;14;84;19;48;18;56;17;0;12;43;20;7;16;33;16
488;89;7;15;60;7;57;14;30;3;39;4;62;10;21;20;9;17;42;12;37;6;78;9
489;78;3;16;77;10;23;10;39;1;61;14;69;13;64;9;29;2;37;16;81;7;15;20
490;84;3;10;52;2;59;10;44;12;35;17;58;19;40;11;66;6;20;7;5;12;0;15
491;53;2;3;86;18;49;11;75;18;72;18;85;6;58;18;75;10;3;6;70;15;53;16
492;51;2;11;10;13;5;1;13;10;55;18;82;6;66;9;0;19;22;18;57;17;66;3
493;26;3;25;62;16;67;2;22;19;22;13;47;20;53;13;14;20;88;2;59;17;8;9
494;16;2;22;11;4;71;19;18;12;63;9;72;5;25;18;30;5;61;18;22;9;84;14
495;41;3;7;31;13;45;16;21;17;63;4;19;9;33;3;42;9;12;17;66;8;64;7
496;46;3;0;59;11;83;20;48;8;77;19;87;18;0;14;37;16;34;1;14;1;31;10
497;9;3;21;72;5;13;16;47;1;23;3;41;19;59;15;72;20;14;8;56;19;69;10
498;67;3;20;65;10;50;18;50;7;23;20;65;16;53;13;19;13;46;9;89;15;9;9
499;38;1;8;8;8;52;19;3;20;35;13;22;10;22;9;48;17;32;8;23;11;25;16
500;62;3;11;17;3;82;3;9;7;66;1;88;18;33;12;41;12;77;5;3;17;87;14
